{
  "MODEL": "E:\\Desktop\\car\\yolo11best.pt",
  "CAMERA_PARAMS": {
    "fx": 1127.73,
    "fy": 1127.76,
    "cx": 958.572,
    "cy": 523.067,
    "k1": 0.0777894,
    "k2": -0.108512,
    "k3": 0.0456514,
    "p1": 0.000139715,
    "p2": -0.000322564
  },
  "TRANSFORMATIONS": {
    "T1": [
      [0.99989617, -0.01091452, 0.00940874, 637.67635],
      [-0.01293641, -0.39224771, 0.91976866, -270.92501],
      [-0.00634828, -0.91979487, -0.39234818, 2558.27078],
      [0.0, 0.0, 0.0, 1.0]
    ],
    "T2": [
      [0.99989617, -0.01091452, 0.00940874, 637.67635],
      [-0.01293641, -0.39224771, 0.91976866, -270.92501],
      [-0.00634828, -0.91979487, -0.39234818, 1638.27078],
      [0.0, 0.0, 0.0, 1.0]
    ]
  },
  "GRID_PARAMS": {
    "x_spacing": 0.4,
    "z_spacing": 0.3,
    "y_spacing": 0.3,
    "row_count": null,
    "col_count": null
  },
  "YOLO_PARAMS": {
    "conf": 0.5,
    "iou": 0.3
  },
  "BOX_WEIGHT": 10,
  "IP_CAMERA": "192.168.1.30",
  "IP_PLC": "192.168.1.20.1.1",
  "IP_HOST_Csharp": "127.0.0.1",
  "IP_PORT_Csharp": 5001
} 